Time,Latitude,Longitude,Altitude,GroundSpeed,IdAircraft,ModelAircraft
2013-09-01 16:11:52.000,53.334,-2.84275,0.02438429651,185.199932587225,1710,A320
2013-09-01 16:12:52.000,53.3316,-2.90808,0.542544279929,302.431489914938,1710,A320
2013-09-01 16:13:51.000,53.3547,-2.9949,1.228344257983,453.369434973526,1710,A320
2013-09-01 16:14:59.000,53.4036,-3.09194,2.599944214092,455.77703409716,1710,A320
2013-09-01 16:15:57.000,53.4467,-3.18474,3.384804188977,525.597408682543,1710,A320
2013-09-01 16:17:00.000,53.5059,-3.29362,4.00811987174,613.382176728888,1710,A320
2013-09-01 16:17:57.000,53.5666,-3.40835,4.823459845649,629.124170998802,1710,A320
2013-09-01 16:18:58.000,53.6315,-3.53673,5.501639823948,663.015758662264,1710,A320
2013-09-01 16:19:56.000,53.6914,-3.67048,6.103619804684,699.129745516773,1710,A320
2013-09-01 16:20:52.000,53.746,-3.80307,6.880859779812,670.423755965753,1710,A320
2013-09-01 16:21:52.000,53.8038,-3.94276,7.315199765914,679.31335272994,1710,A320
2013-09-01 16:22:59.000,53.8698,-4.10229,7.315199765914,685.239750572731,1710,A320
2013-09-01 16:24:00.000,53.9274,-4.24315,7.315199765914,683.758151112033,1710,A320
2013-09-01 16:24:56.000,53.9892,-4.36809,7.315199765914,685.424950505318,1710,A320
2013-09-01 16:25:59.000,54.0611,-4.50086,7.12469977201,634.865368909006,1710,A320
2013-09-01 16:26:59.000,54.1261,-4.62061,6.736079784445,621.716173695313,1710,A320
2013-09-01 16:27:59.000,54.1887,-4.736,6.195059801758,610.789377672667,1710,A320
2013-09-01 16:28:59.000,54.2495,-4.84913,5.600699820778,599.121781919671,1710,A320
2013-09-01 16:29:55.000,54.3039,-4.95084,5.074919837603,592.454584346531,1710,A320
2013-09-01 16:30:58.000,54.3655,-5.07326,4.518659855403,560.600195941529,1710,A320
2013-09-01 16:31:56.000,54.4195,-5.17828,3.992879872228,545.969401267138,1710,A320
2013-09-01 16:32:50.000,54.4704,-5.27236,3.467099889053,537.079804502951,1710,A320
2013-09-01 16:33:55.000,54.5272,-5.37789,3.05561990222,495.965419468587,1710,A320
2013-09-01 16:34:53.000,54.5712,-5.47685,2.621279916119,468.555829445678,1710,A320
2013-09-01 16:36:00.000,54.6158,-5.58025,2.148839931237,447.813436995909,1710,A320
2013-09-01 16:37:00.000,54.6563,-5.6767,1.653539947087,440.40543969242,1710,A320
2013-09-01 16:37:59.000,54.6892,-5.76968,1.369467352111,400.217054320992,1710,A320
2013-09-01 16:38:52.000,54.7172,-5.8409,1.262787355525,360.028668949565,1710,A320
2013-09-01 16:39:55.000,54.7307,-5.92333,1.087527361133,287.430295375372,1710,A320
2013-09-01 16:40:24.000,54.7262,-5.95825,0.996087364059,293.541893150751,1710,A320
2013-09-01 16:41:28.000,54.7071,-6.03077,0.691287373813,257.242706363655,1710,A320
2013-09-01 16:41:42.000,54.7033,-6.04498,0.531267378933,236.685513846473,1710,A320
2013-09-01 16:43:48.000,54.6733,-6.157,0.218847388931,219.647120048448,1710,A320
2013-09-01 16:44:48.000,54.6595,-6.20836,0.08168739332,203.719925845947,1710,A320
2013-09-01 16:45:20.000,54.6548,-6.22561,0.08168739332,66.671975731401,1710,A320
2013-09-01 16:45:20.000,54.6548,-6.22561,0.08168739332,66.671975731401,1710,A320
2013-09-09 16:04:51.000,55.9459,-3.37875,0.033528500614,38.891985843317,1710,A320
2013-09-09 16:11:58.000,55.9561,-3.35469,0.246888493786,271.317901240284,1710,A320
2013-09-09 16:12:57.000,55.9906,-3.29473,0.734568478181,393.920256613027,1710,A320
2013-09-09 16:13:59.000,56.0384,-3.3086,1.770888445018,429.478643669774,1710,A320
2013-09-09 16:14:58.000,56.0184,-3.43797,2.548128420147,533.561005783794,1710,A320
2013-09-09 16:15:58.000,55.9986,-3.57438,3.584448386984,538.191004098475,1710,A320
2013-09-09 16:16:56.000,55.9667,-3.69715,4.712208350896,496.150619401175,1710,A320
2013-09-09 16:17:57.000,55.9219,-3.81076,5.474208326512,522.078609963386,1710,A320
2013-09-09 16:18:56.000,55.8697,-3.91182,6.103619804684,551.340199312167,1710,A320
2013-09-09 16:20:01.000,55.7888,-3.98562,6.621779788103,645.051365201303,1710,A320
2013-09-09 16:20:58.000,55.6978,-4.00297,6.8656197803,740.799730348898,1710,A320
2013-09-09 16:21:57.000,55.5725,-4.02555,7.101839772741,813.768503788265,1710,A320
2013-09-09 16:22:58.000,55.4472,-4.04889,7.391399763475,894.14527453112,1710,A320
2013-09-09 16:23:58.000,55.3068,-4.07512,7.825739749576,925.258863205774,1710,A320
2013-09-09 16:24:52.000,55.1791,-4.08425,8.221979736897,960.076450532172,1710,A320
2013-09-09 16:25:57.000,55.0411,-3.96423,8.762999719584,963.410049318742,1710,A320
2013-09-09 16:26:55.000,54.9242,-3.84392,9.364979700321,941.741657206037,1710,A320
2013-09-09 16:27:57.000,54.8046,-3.7202,10.035539678863,901.923671699784,1710,A320
2013-09-09 16:28:58.000,54.6818,-3.59382,10.058399678131,903.220071227894,1710,A320
2013-09-09 16:29:57.000,54.5651,-3.47459,10.058399678131,916.739666306761,1710,A320
2013-09-09 16:30:53.000,54.457,-3.36498,10.058399678131,902.108871632371,1710,A320
2013-09-09 16:31:59.000,54.3193,-3.25503,10.058399678131,914.887666980889,1710,A320
2013-09-09 16:32:53.000,54.2029,-3.1931,10.058399678131,912.109667992081,1710,A320
2013-09-09 16:33:57.000,54.0668,-3.12059,10.058399678131,912.109667992081,1710,A320
2013-09-09 16:34:58.000,53.934,-3.05105,10.058399678131,900.81247210426,1710,A320
2013-09-09 16:35:52.000,53.8158,-2.98946,10.058399678131,916.184066509,1710,A320
2013-09-09 16:36:57.000,53.6714,-2.91483,10.066019677887,902.108871632371,1710,A320
2013-09-09 16:37:57.000,53.5402,-2.84724,10.066019677887,898.034473115452,1710,A320
2013-09-09 16:38:59.000,53.4072,-2.77946,10.058399678131,907.4796696774,1710,A320
2013-09-09 16:40:01.000,53.2746,-2.71217,10.058399678131,905.812870284115,1710,A320
2013-09-09 16:40:56.000,53.1545,-2.64182,10.050779678375,903.034871295307,1710,A320
2013-09-09 16:41:57.000,53.0326,-2.53136,10.058399678131,916.554466374174,1710,A320
2013-09-09 16:42:58.000,52.9101,-2.42139,10.058399678131,916.554466374174,1710,A320
2013-09-09 16:44:01.000,52.7859,-2.31058,10.058399678131,916.554466374174,1710,A320
2013-09-09 16:45:01.000,52.6662,-2.20378,10.050779678375,918.962065497808,1710,A320
2013-09-09 16:45:56.000,52.5513,-2.10247,9.776459687153,920.628864891093,1710,A320
2013-09-09 16:47:01.000,52.4215,-1.98633,8.808719718121,935.815259363246,1710,A320
2013-09-09 16:48:00.000,52.2982,-1.87427,7.574279757623,957.483651475951,1710,A320
2013-09-09 16:49:01.000,52.1728,-1.75903,6.598919788835,927.110862531646,1710,A320
2013-09-09 16:49:57.000,52.0589,-1.6536,5.821679813706,889.885676081614,1710,A320
2013-09-09 16:50:58.000,51.9452,-1.54892,5.05967983809,846.734091788791,1710,A320
2013-09-09 16:51:58.000,51.8426,-1.44157,4.571999853696,776.172917473058,1710,A320
2013-09-09 16:52:57.000,51.7522,-1.34471,4.571999853696,703.759743831453,1710,A320
2013-09-09 16:53:58.000,51.6626,-1.25133,4.571999853696,712.464140663053,1710,A320
2013-09-09 16:54:58.000,51.5728,-1.15787,4.571999853696,714.686539854099,1710,A320
2013-09-09 16:55:56.000,51.4853,-1.06682,4.571999853696,707.834142348372,1710,A320
2013-09-09 16:56:54.000,51.401,-0.97986,4.427219858329,706.908142685436,1710,A320
2013-09-09 16:57:54.000,51.3155,-0.89241,4.130039867839,684.313750909795,1710,A320
2013-09-09 16:58:58.000,51.2236,-0.79799,3.825239877592,667.830956909532,1710,A320
2013-09-09 16:59:57.000,51.1397,-0.71274,3.528059887102,641.532566482146,1710,A320
2013-09-09 17:00:56.000,51.0624,-0.63339,3.35279989271,565.230194256209,1710,A320
2013-09-09 17:01:54.000,51.0241,-0.530313,3.399130241898,540.783803154696,1710,A320
2013-09-09 17:02:52.000,50.9884,-0.41679,3.124810250676,536.709404637777,1710,A320
2013-09-09 17:03:53.000,50.9524,-0.30273,2.880970258479,518.745011176816,1710,A320
2013-09-09 17:04:58.000,50.9236,-0.17967,2.545690269208,501.706617378791,1710,A320
2013-09-09 17:05:53.000,50.9708,-0.13847,2.278990277743,400.957854051341,1710,A320
2013-09-09 17:06:53.000,50.9949,-0.22507,1.981810287252,413.73664939986,1710,A320
2013-09-09 17:07:49.000,51.0185,-0.30814,1.699870296274,409.106651085179,1710,A320
2013-09-09 17:08:59.000,51.0488,-0.40756,1.356970307247,393.920256613027,1710,A320
2013-09-09 17:09:58.000,51.0779,-0.47981,1.158850313587,323.359082297294,1710,A320
2013-09-09 17:10:58.000,51.1128,-0.44098,0.960730319927,367.621866185641,1710,A320
2013-09-09 17:11:56.000,51.1242,-0.36292,0.701650328217,324.470281892817,1710,A320
2013-09-09 17:12:45.000,51.1322,-0.30533,0.488290335045,296.134692206972,1710,A320
2013-09-09 17:13:52.000,51.141,-0.242081,0.229210343336,246.315910341009,1710,A320
2013-09-09 17:14:41.000,51.1479,-0.19207,0.092050347725,203.719925845947,1710,A320
2013-09-19 05:22:48.000,51.1467,-0.20126,0.252070342604,291.689893824879,1710,A320
2013-09-19 05:23:59.000,51.1361,-0.28965,0.960730319927,397.253855399597,1710,A320
2013-09-19 05:24:55.000,51.1801,-0.32061,1.600810299444,436.701441040675,1710,A320
2013-09-19 05:25:56.000,51.1897,-0.20485,1.897990289935,548.932600188534,1710,A320
2013-09-19 05:26:57.000,51.1744,-0.07637,2.06563028457,557.451797087546,1710,A320
2013-09-19 05:27:59.000,51.173,0.070343,3.11719025092,589.120985559961,1710,A320
2013-09-19 05:28:55.000,51.171,0.21156,3.51343023824,718.575738438431,1710,A320
2013-09-19 05:29:55.000,51.1815,0.3895,3.672839882469,758.949323742446,1710,A320
2013-09-19 05:30:54.000,51.2645,0.499061,4.312919861987,740.799730348898,1710,A320
2013-09-19 05:31:56.000,51.3575,0.60358,5.189219833945,753.763725630004,1710,A320
2013-09-19 05:32:50.000,51.4507,0.651905,5.478779824679,738.947731023026,1710,A320
2013-09-19 05:33:50.000,51.5617,0.666885,6.057899806147,766.912920843697,1710,A320
2013-09-19 05:34:59.000,51.6939,0.710325,6.408419794931,827.288098867132,1710,A320
2013-09-19 05:35:57.000,51.7721,0.86678,6.545579790541,886.922477160218,1710,A320
2013-09-19 05:36:56.000,51.8251,1.06204,6.987539776399,913.035667655017,1710,A320
2013-09-19 05:37:54.000,51.8713,1.25897,7.010399775667,915.443266778651,1710,A320
2013-09-19 05:38:57.000,51.9158,1.47911,7.018019775423,905.627670351528,1710,A320
2013-09-19 05:40:00.000,51.9599,1.69817,7.010399775667,902.664471430132,1710,A320
2013-09-19 05:40:58.000,51.9984,1.89271,7.010399775667,824.695299810911,1710,A320
2013-09-19 05:41:59.000,52.0347,2.07703,7.010399775667,811.731304529805,1710,A320
2013-09-19 05:43:00.000,52.0728,2.27257,7.010399775667,800.06370877681,1710,A320
2013-09-19 05:44:00.000,52.1093,2.46109,7.010399775667,800.06370877681,1710,A320
2013-09-19 05:44:42.000,52.1461,2.57591,6.804659782251,772.468918821314,1710,A320
2013-09-19 05:45:55.000,52.2167,2.771,6.408419794931,742.836929607358,1710,A320
2013-09-19 05:47:00.000,52.2763,2.93688,6.103619804684,727.094935337444,1710,A320
2013-09-19 05:48:00.000,52.3321,3.0932,6.01217980761,727.650535135205,1710,A320
2013-09-19 05:48:54.000,52.3813,3.23219,5.387339827605,718.575738438431,1710,A320
2013-09-19 05:49:41.000,52.4212,3.34526,4.968239841016,688.017749561539,1710,A320
2013-09-19 05:50:46.000,52.4606,3.50739,4.282439862962,697.2777461909,1710,A320
2013-09-19 05:51:51.000,52.5018,3.67155,3.992879872228,612.085777200777,1710,A320
2013-09-19 05:52:34.000,52.5261,3.76352,3.733799880518,594.676983537578,1710,A320
2013-09-19 05:53:47.000,52.5254,3.9419,3.131819899782,604.862979829875,1710,A320
2013-09-19 05:54:45.000,52.4933,4.07475,2.743199912218,582.268588054234,1710,A320
2013-09-19 05:55:50.000,52.4599,4.21631,2.255519927823,565.785794053971,1710,A320
2013-09-19 05:56:50.000,52.432,4.33403,2.065019933919,495.224619738238,1710,A320
2013-09-19 05:57:47.000,52.41,4.42639,1.833067100464,468.000229647916,1710,A320
2013-09-19 05:58:53.000,52.3824,4.55736,1.38348711485,467.444629850155,1710,A320
2013-09-19 05:59:41.000,52.4222,4.60938,1.231087119727,433.73824211928,1710,A320
2013-09-19 06:00:21.000,52.4648,4.6035,1.010107126798,419.107447444889,1710,A320
2013-09-19 06:01:42.000,52.5483,4.59048,0.804367133382,420.774246838174,1710,A320
2013-09-19 06:02:29.000,52.5887,4.62982,0.685799978054,452.628635243177,1710,A320
2013-09-19 06:03:50.000,52.5548,4.72891,0.644347138503,336.508277510987,1710,A320
2013-09-19 06:04:56.000,52.4984,4.72443,0.644347138503,350.583472387616,1710,A320
2013-09-19 06:05:50.000,52.4486,4.7198,0.552907141429,343.175475084127,1710,A320
2013-09-19 06:06:51.000,52.4041,4.71572,0.286207149963,259.650305487289,1710,A320
2013-09-19 06:07:38.000,52.3743,4.71298,0.118567155328,252.2423081838,1710,A320
2013-09-19 06:08:02.000,52.3584,4.71149,0.019507158497,246.315910341009,1710,A320
2013-09-19 06:09:25.000,52.3385,4.71258,0.019507158497,42.595984495062,1710,A320
2013-09-19 07:16:04.000,52.3157,4.7705,-0.003352840771,53.707980450295,1710,A320
2013-09-19 07:43:44.000,52.3231,4.73049,-0.003352840771,38.891985843317,1710,A320
2013-09-19 07:44:20.000,52.326,4.72635,-0.003352840771,46.299983146806,1710,A320
2013-09-19 07:47:26.000,52.338,4.7097,-0.003352840771,291.319493959704,1710,A320
2013-09-19 07:48:57.000,52.4122,4.71611,0.842467132163,430.034243467535,1710,A320
2013-09-19 07:49:53.000,52.4635,4.66003,1.627327107047,475.408226951405,1710,A320
2013-09-19 07:50:58.000,52.4558,4.52598,1.817827100951,605.974179425399,1710,A320
2013-09-19 07:51:51.000,52.4067,4.44256,1.833067100464,613.567376661475,1710,A320
2013-09-19 07:52:31.000,52.376,4.34609,2.069287092905,626.160972077406,1710,A320
2013-09-19 07:53:44.000,52.3194,4.17127,3.200399897587,663.386158527438,1710,A320
2013-09-19 07:54:51.000,52.2513,4.0259,4.221479864913,696.722146393139,1710,A320
2013-09-19 07:55:51.000,52.1853,3.88985,4.846319844918,720.798137629478,1710,A320
2013-09-19 07:56:55.000,52.1019,3.75603,5.585459821265,759.690123472795,1710,A320
2013-09-19 07:57:54.000,52.018,3.62183,6.17219980249,780.617715855151,1710,A320
2013-09-19 07:58:58.000,51.9531,3.45536,6.827519781519,775.246917810122,1710,A320
2013-09-19 07:59:58.000,51.912,3.2881,7.254239767864,773.950518282011,1710,A320
2013-09-19 08:00:58.000,51.8773,3.10081,7.315199765914,794.878110664368,1710,A320
2013-09-19 08:01:57.000,51.8436,2.92214,7.315199765914,795.063310596955,1710,A320
2013-09-19 08:02:57.000,51.8112,2.74925,7.315199765914,795.618910394717,1710,A320
2013-09-19 08:03:57.000,51.7722,2.54371,7.315199765914,800.248908709397,1710,A320
2013-09-19 08:04:56.000,51.7388,2.37007,7.315199765914,793.211311271083,1710,A320
2013-09-19 08:05:58.000,51.7063,2.20222,7.315199765914,790.248112349687,1710,A320
2013-09-19 08:07:00.000,51.6655,1.99343,7.277099767133,788.396113023815,1710,A320
2013-09-19 08:07:56.000,51.6322,1.82503,7.010399775667,783.580914776547,1710,A320
2013-09-19 08:08:51.000,51.5993,1.65955,6.736079784445,770.246519630267,1710,A320
2013-09-19 08:09:54.000,51.562,1.47423,6.217919801027,756.171324753638,1710,A320
2013-09-19 08:10:57.000,51.5267,1.30069,5.51687982346,715.98293938221,1710,A320
2013-09-19 08:12:01.000,51.4916,1.12951,4.808219846137,689.869748887411,1710,A320
2013-09-19 08:12:59.000,51.4602,0.977041,4.175759866376,681.165352055812,1710,A320
2013-09-19 08:14:01.000,51.408,0.831027,3.962399873203,692.092148078458,1710,A320
2013-09-19 08:14:56.000,51.3555,0.712404,3.726179880762,660.793359471217,1710,A320
2013-09-19 08:15:56.000,51.2982,0.58472,2.781299910998,630.790970392087,1710,A320
2013-09-19 08:16:59.000,51.2425,0.450516,2.430779922215,640.236166954035,1710,A320
2013-09-19 08:17:59.000,51.2159,0.31007,1.935479938065,605.788979492811,1710,A320
2013-09-19 08:18:50.000,51.201,0.19701,1.455419953427,508.559014884519,1710,A320
2013-09-19 08:19:54.000,51.1868,0.092048,1.203959961473,369.844265376687,1710,A320
2013-09-19 08:20:56.000,51.1768,0.01915,0.815339973909,266.132303127842,1710,A320
2013-09-19 08:21:57.000,51.1683,-0.04343,0.571499981712,260.576305150225,1710,A320
2013-09-19 08:22:55.000,51.1606,-0.09933,0.350519988783,230.573916071095,1710,A320
2013-09-19 08:23:45.000,51.1545,-0.14416,0.190499993904,232.24071546438,1710,A320
2013-09-19 08:24:52.000,51.1482,-0.192738,0.068579997805,57.41197910204,1710,A320
2013-09-20 05:40:45.000,51.146,-0.205771,0.282550341629,290.763894161943,1710,A320
2013-09-20 05:41:57.000,51.1379,-0.30052,0.975970319439,407.625051624481,1710,A320
2013-09-20 05:42:57.000,51.1902,-0.31066,1.814170292617,441.331439355356,1710,A320
2013-09-20 05:43:54.000,51.2006,-0.19671,1.936090288715,535.227805177079,1710,A320
2013-09-20 05:44:57.000,51.207,-0.0602,2.682850264819,570.415792368652,1710,A320
2013-09-20 05:45:57.000,51.2656,0.02731,3.51343023824,588.750585694787,1710,A320
2013-09-20 05:47:00.000,51.3432,0.132904,4.00811987174,695.98134666279,1710,A320
2013-09-20 05:47:57.000,51.4155,0.232049,4.7624998476,709.31574180907,1710,A320
2013-09-20 05:49:00.000,51.5077,0.35839,5.265419831507,717.094138977733,1710,A320
2013-09-20 05:49:59.000,51.5866,0.467216,6.050279806391,720.983337562065,1710,A320
2013-09-20 05:50:57.000,51.6667,0.5779,6.819899781763,714.316139988925,1710,A320
2013-09-20 05:52:00.000,51.7249,0.73082,7.010399775667,734.68813257352,1710,A320
2013-09-20 05:52:59.000,51.7622,0.896149,7.010399775667,740.058930618549,1710,A320
2013-09-20 05:53:53.000,51.7955,1.04141,7.010399775667,740.058930618549,1710,A320
2013-09-20 05:54:54.000,51.8352,1.21622,7.010399775667,717.649738775495,1710,A320
2013-09-20 05:55:58.000,51.8731,1.3845,7.010399775667,689.499349022237,1710,A320
2013-09-20 05:56:57.000,51.9076,1.53816,7.010399775667,691.351348348109,1710,A320
2013-09-20 05:57:53.000,51.9379,1.67581,7.010399775667,606.344579290573,1710,A320
2013-09-20 05:58:49.000,51.966,1.80252,7.010399775667,581.527788323885,1710,A320
2013-09-20 05:59:56.000,51.999,1.95258,7.010399775667,587.454186166676,1710,A320
2013-09-20 06:00:56.000,52.0278,2.08442,7.010399775667,586.342986571153,1710,A320
2013-09-20 06:01:47.000,52.0536,2.20354,7.010399775667,583.935387447519,1710,A320
2013-09-20 06:02:49.000,52.0789,2.32155,7.010399775667,588.5653857622,1710,A320
2013-09-20 06:04:00.000,52.1179,2.49743,6.797039782495,572.452991627111,1710,A320
2013-09-20 06:04:47.000,52.1512,2.58904,6.705599785421,565.600594121384,1710,A320
2013-09-20 06:05:46.000,52.1946,2.70876,6.705599785421,565.415394188797,1710,A320
2013-09-20 06:06:50.000,52.235,2.82098,6.583679789322,564.48939452586,1710,A320
2013-09-20 06:07:57.000,52.2776,2.93986,6.416039794687,561.896595469639,1710,A320
2013-09-20 06:08:54.000,52.3243,3.07114,6.27125979932,559.303796413418,1710,A320
2013-09-20 06:09:54.000,52.3694,3.19812,6.088379805172,555.970197626848,1710,A320
2013-09-20 06:10:59.000,52.4133,3.32274,5.844539812975,553.377398570627,1710,A320
2013-09-20 06:11:49.000,52.4464,3.4186,5.631179819802,550.784599514406,1710,A320
2013-09-20 06:12:47.000,52.4667,3.553,5.410199826874,562.452195267401,1710,A320
2013-09-20 06:13:37.000,52.4823,3.66276,5.196839833701,549.85859985147,1710,A320
2013-09-20 06:14:43.000,52.5021,3.80157,4.838699845162,532.264606255683,1710,A320
2013-09-20 06:15:54.000,52.5233,3.95203,4.389119859548,522.44900982856,1710,A320
2013-09-20 06:16:56.000,52.4984,4.05953,3.947159873691,521.893410030799,1710,A320
2013-09-20 06:17:55.000,52.445,3.99475,3.543299886614,431.330642995646,1710,A320
2013-09-20 06:18:40.000,52.4381,3.92097,3.261359895636,385.771459579189,1710,A320
2013-09-20 06:19:43.000,52.4599,3.8327,2.872739908072,383.734260320729,1710,A320
2013-09-20 06:20:47.000,52.4959,3.75944,2.392679923434,399.476254590643,1710,A320
2013-09-20 06:21:39.000,52.5402,3.80333,2.133599931725,484.297823715592,1710,A320
2013-09-20 06:22:52.000,52.5147,3.93664,2.049779934407,501.521417446204,1710,A320
2013-09-20 06:23:51.000,52.4878,4.05843,1.783079942941,486.890622771813,1710,A320
2013-09-20 06:24:50.000,52.4632,4.16885,1.600199948794,476.889826412103,1710,A320
2013-09-20 06:25:53.000,52.4362,4.28322,1.523999951232,483.74222391783,1710,A320
2013-09-20 06:26:54.000,52.378,4.32304,1.356359956596,460.40703241184,1710,A320
2013-09-20 06:27:55.000,52.3033,4.35272,1.055827125335,455.036234366811,1710,A320
2013-09-20 06:28:33.000,52.2626,4.36951,0.903427130212,443.73903847899,1710,A320
2013-09-20 06:29:46.000,52.1875,4.40866,0.697687136796,458.555033085968,1710,A320
2013-09-20 06:30:43.000,52.1426,4.48402,0.621487139234,464.296230996172,1710,A320
2013-09-20 06:31:42.000,52.1384,4.59542,0.62910713899,411.329050276226,1710,A320
2013-09-20 06:32:54.000,52.1401,4.69626,0.62910713899,356.32467029782,1710,A320
2013-09-20 06:33:54.000,52.19,4.72703,0.62910713899,298.91269119578,1710,A320
2013-09-20 06:34:43.000,52.2246,4.73023,0.491947143379,269.095502049237,1710,A320
2013-09-20 06:35:42.000,52.2605,4.73343,0.286207149963,231.870315599205,1710,A320
2013-09-20 06:36:46.000,52.2984,4.73694,0.065227157034,244.834310880311,1710,A320
2013-09-20 06:37:46.000,52.3247,4.73957,-0.003352840771,77.783971686634,1710,A320
2013-09-20 07:32:46.000,52.3309,4.71767,-0.003352840771,40.743985169189,1710,A320
2013-09-20 07:36:36.000,52.3338,4.70933,-0.003352840771,177.791935283736,1710,A320
2013-09-20 07:37:51.000,52.3826,4.71416,0.773887134357,280.022298071884,1710,A320
2013-09-20 07:38:53.000,52.4232,4.69765,1.238707119483,362.621468005786,1710,A320
2013-09-20 07:39:40.000,52.4021,4.61288,1.627327107047,475.223027018818,1710,A320
2013-09-20 07:40:48.000,52.3603,4.49562,2.716987072178,515.226212457659,1710,A320
2013-09-20 07:41:52.000,52.3219,4.37378,3.410407049989,611.344977470428,1710,A320
2013-09-20 07:42:57.000,52.2712,4.21791,4.26719986345,658.57096028017,1710,A320
2013-09-20 07:43:53.000,52.2265,4.08043,4.937759841992,695.98134666279,1710,A320
2013-09-20 07:44:47.000,52.1818,3.94409,5.577839821509,718.390538505844,1710,A320
2013-09-20 07:45:48.000,52.1307,3.78891,6.248399800051,730.613734056601,1710,A320
2013-09-20 07:46:45.000,52.081,3.63876,6.972299776886,725.613335876746,1710,A320
2013-09-20 07:47:57.000,52.0167,3.44612,7.315199765914,744.133329135468,1710,A320
2013-09-20 07:48:46.000,51.9741,3.3192,7.315199765914,746.726128191689,1710,A320
2013-09-20 07:49:50.000,51.9183,3.14405,7.315199765914,737.466131562328,1710,A320
2013-09-20 07:50:59.000,51.8746,2.95094,7.315199765914,730.984133921775,1710,A320
2013-09-20 07:51:49.000,51.8452,2.82178,7.315199765914,736.540131899392,1710,A320
2013-09-20 07:52:53.000,51.805,2.64595,7.315199765914,732.836133247647,1710,A320
2013-09-20 07:53:55.000,51.7679,2.46201,7.315199765914,731.539733719537,1710,A320
2013-09-20 07:54:56.000,51.7342,2.29614,7.315199765914,733.762132910584,1710,A320
2013-09-20 07:55:59.000,51.6974,2.11873,7.315199765914,732.095333517299,1710,A320
2013-09-20 07:56:52.000,51.6666,1.9706,7.315199765914,734.502932640933,1710,A320
2013-09-20 07:57:59.000,51.6281,1.7835,6.941819777862,729.687734393665,1710,A320
2013-09-20 07:58:48.000,51.6008,1.64869,6.560819790054,715.612539517036,1710,A320
2013-09-20 07:59:58.000,51.5616,1.4592,6.21029980127,702.833744168517,1710,A320
2013-09-20 08:00:49.000,51.5337,1.325,5.646419819315,689.31414908965,1710,A320
2013-09-20 08:01:53.000,51.501,1.16871,4.96061984126,675.794554010782,1710,A320
2013-09-20 08:02:52.000,51.4692,1.01802,4.328159861499,661.163759336392,1710,A320
2013-09-20 08:03:56.000,51.4239,0.868291,3.962399873203,644.310565470954,1710,A320
2013-09-20 08:04:58.000,51.3635,0.731407,3.962399873203,642.828966010256,1710,A320
2013-09-20 08:05:48.000,51.3184,0.629784,3.962399873203,643.384565808018,1710,A320
2013-09-20 08:06:55.000,51.2169,0.56335,3.962399873203,672.460955224212,1710,A320
2013-09-20 08:07:57.000,51.1137,0.52378,3.962399873203,649.496163583396,1710,A320
2013-09-20 08:08:59.000,51.0212,0.48836,3.528059887102,617.641775178394,1710,A320
2013-09-20 08:09:58.000,50.9344,0.45519,3.032759902952,604.122180099526,1710,A320
2013-09-20 08:10:46.000,50.8798,0.39996,2.788919910755,530.042207064637,1710,A320
2013-09-20 08:11:57.000,50.9183,0.29694,2.377439923922,476.334226614342,1710,A320
2013-09-20 08:12:57.000,50.9793,0.26413,2.118359932212,412.440249871749,1710,A320
2013-09-20 08:13:59.000,51.0417,0.2535,1.676399946355,418.737047579715,1710,A320
2013-09-20 08:14:57.000,51.1029,0.257808,1.379219955865,393.179456882678,1710,A320
2013-09-20 08:15:58.000,51.1559,0.2449,1.295399958547,335.026678050289,1710,A320
2013-09-20 08:16:59.000,51.1797,0.17784,1.235050311149,339.101076567208,1710,A320
2013-09-20 08:18:00.000,51.1871,0.09903,1.135990314319,339.101076567208,1710,A320
2013-09-20 08:18:57.000,51.1776,0.02427,0.838810323828,326.137081286102,1710,A320
2013-09-20 08:19:57.000,51.1676,-0.048622,0.55687033285,297.431091735083,1710,A320
2013-09-20 08:20:47.000,51.1607,-0.098654,0.35875033919,240.759912363392,1710,A320
2013-09-20 08:21:39.000,51.154,-0.14809,0.183490344799,230.573916071095,1710,A320
2013-09-20 08:22:46.000,51.1484,-0.193838,0.084430347968,50.003981798551,1710,A320
2013-09-20 08:23:43.000,51.1501,-0.189143,0.0615703487,42.595984495062,1710,A320
2013-09-23 05:17:40.000,51.1467,-0.201263,0.092050347725,307.431888094793,1710,A320
2013-09-23 05:19:00.000,51.1409,-0.31357,0.861670323097,441.331439355356,1710,A320
2013-09-23 05:20:00.000,51.1964,-0.30398,1.753210294568,486.520222906639,1710,A320
2013-09-23 05:21:00.000,51.2035,-0.18283,1.974190287496,524.115809221845,1710,A320
2013-09-23 05:22:00.000,51.2389,-0.07163,2.941930256528,531.338606592747,1710,A320
2013-09-23 05:23:00.000,51.2951,0.03548,3.460090239947,646.718164594588,1710,A320
2013-09-23 05:23:59.000,51.3606,0.1599,3.970019872959,717.094138977733,1710,A320
2013-09-23 05:25:00.000,51.4355,0.289536,4.732019848575,731.539733719537,1710,A320
2013-09-23 05:25:58.000,51.5224,0.38905,5.463539825167,744.318529068055,1710,A320
2013-09-23 05:26:59.000,51.6134,0.49606,6.21029980127,742.281329809596,1710,A320
2013-09-23 05:27:58.000,51.7017,0.59913,6.804659782251,744.133329135468,1710,A320
2013-09-23 05:28:55.000,51.7914,0.703354,7.010399775667,760.245723270557,1710,A320
2013-09-23 05:29:50.000,51.8492,0.837097,7.010399775667,765.986921180761,1710,A320
2013-09-23 05:31:00.000,51.884,1.04729,7.010399775667,790.248112349687,1710,A320
2013-09-23 05:31:59.000,51.9147,1.23238,7.010399775667,820.250501428817,1710,A320
2013-09-23 05:32:56.000,51.9448,1.41525,7.010399775667,819.880101563643,1710,A320
2013-09-23 05:33:56.000,51.9749,1.60095,7.010399775667,822.843300485039,1710,A320
2013-09-23 05:34:56.000,52.0065,1.79768,7.010399775667,822.472900619864,1710,A320
2013-09-23 05:35:57.000,52.0365,1.98703,7.002779775911,806.73090634995,1710,A320
2013-09-23 05:36:57.000,52.0646,2.16576,7.010399775667,724.131736416048,1710,A320
2013-09-23 05:37:48.000,52.0876,2.31364,6.804659782251,710.797341269768,1710,A320
2013-09-23 05:38:54.000,52.119,2.50008,6.461759793224,700.240945112296,1710,A320
2013-09-23 05:39:54.000,52.1706,2.64259,6.17219980249,674.868554347846,1710,A320
2013-09-23 05:40:55.000,52.2224,2.78668,5.882639811756,664.126958257787,1710,A320
2013-09-23 05:41:55.000,52.2731,2.92833,5.585459821265,664.867757988136,1710,A320
2013-09-23 05:42:54.000,52.3219,3.06503,5.295899830531,651.533362841856,1710,A320
2013-09-23 05:43:41.000,52.3569,3.16367,5.036819838822,635.606168639355,1710,A320
2013-09-23 05:44:57.000,52.4171,3.33427,4.693919849795,607.455778886096,1710,A320
2013-09-23 05:45:53.000,52.4538,3.46242,4.396739859304,606.900179088335,1710,A320
2013-09-23 05:46:57.000,52.4754,3.6143,4.091939869058,610.418977807492,1710,A320
2013-09-23 05:47:50.000,52.4939,3.74458,3.825239877592,593.010184144293,1710,A320
2013-09-23 05:48:57.000,52.5152,3.89599,3.627119883932,535.598205042253,1710,A320
2013-09-23 05:49:51.000,52.5269,4.01016,3.329939893442,523.004609626322,1710,A320
2013-09-23 05:50:43.000,52.474,4.04198,3.086099901245,497.261818996698,1710,A320
2013-09-23 05:51:59.000,52.4473,3.92377,2.727959912705,444.294638276752,1710,A320
2013-09-23 05:52:59.000,52.5094,3.91464,2.438399921971,466.333430254631,1710,A320
2013-09-23 05:53:38.000,52.511,3.99165,2.278379927092,492.261420816843,1710,A320
2013-09-23 05:54:51.000,52.4794,4.12476,1.958339937333,472.259828097423,1710,A320
2013-09-23 05:55:54.000,52.4529,4.23939,1.676399946355,470.963428569312,1710,A320
2013-09-23 05:56:42.000,52.4326,4.32571,1.394459955377,474.297027355882,1710,A320
2013-09-23 05:57:57.000,52.4242,4.45692,1.040587125823,427.256244478727,1710,A320
2013-09-23 05:58:56.000,52.4828,4.49226,0.842467132163,422.996646029221,1710,A320
2013-09-23 05:59:49.000,52.5368,4.51935,0.601979980737,435.405041512565,1710,A320
2013-09-23 06:00:42.000,52.5729,4.57336,0.510539983663,389.475458230933,1710,A320
2013-09-23 06:01:53.000,52.573,4.68216,0.499567143136,375.02986348913,1710,A320
2013-09-23 06:02:52.000,52.5289,4.72608,0.499567143136,355.583870567471,1710,A320
2013-09-23 06:03:57.000,52.4732,4.72198,0.499567143136,326.507481151277,1710,A320
2013-09-23 06:04:42.000,52.4392,4.71894,0.354787147769,298.727491263193,1710,A320
2013-09-23 06:05:45.000,52.3972,4.71504,0.118567155328,242.982311554439,1710,A320
2013-09-23 06:06:23.000,52.3778,4.71329,-0.018592840283,246.686310206183,1710,A320
2013-09-23 06:07:37.000,52.3428,4.71149,-0.003352840771,74.07997303489,1710,A320
2013-09-23 06:09:44.000,52.3307,4.71786,-0.003352840771,40.743985169189,1710,A320
2013-09-23 06:10:19.000,52.328,4.72288,-0.003352840771,46.299983146806,1710,A320
2013-09-23 06:12:50.000,52.3126,4.73403,-0.110032837357,48.151982472678,1710,A320
2013-09-23 06:13:39.000,52.3061,4.73342,-0.003352840771,50.003981798551,1710,A320
2013-09-27 05:27:52.000,51.1483,-0.20874,0.0615703487,44.447983820934,1710,A320
2013-09-27 05:30:46.000,51.1476,-0.194111,0.236830343092,276.503499352726,1710,A320
2013-09-27 05:31:42.000,51.1576,-0.1207,0.777850325779,341.879075556016,1710,A320
2013-09-27 05:32:57.000,51.1711,0.010096,1.684630296762,500.039817985506,1710,A320
2013-09-27 05:33:54.000,51.1701,0.13107,2.553310268964,542.635802480568,1710,A320
2013-09-27 05:34:48.000,51.1693,0.24986,3.337559893198,588.935785627374,1710,A320
2013-09-27 05:35:56.000,51.17,0.43236,3.924299874422,713.760540191163,1710,A320
2013-09-27 05:36:56.000,51.1663,0.60417,4.701539849551,750.985726641196,1710,A320
2013-09-27 05:37:56.000,51.1295,0.77713,5.593079821021,751.35612650637,1710,A320
2013-09-27 05:38:58.000,51.1147,0.95558,6.324599797613,766.172121113348,1710,A320
2013-09-27 05:39:53.000,51.1107,1.12602,6.400799795174,787.099713495704,1710,A320
2013-09-27 05:40:55.000,51.111,1.3214,6.400799795174,779.691716192215,1710,A320
2013-09-27 05:41:50.000,51.1097,1.48382,6.400799795174,779.691716192215,1710,A320
2013-09-27 05:42:56.000,51.108,1.6954,6.400799795174,772.283718888726,1710,A320
2013-09-27 05:43:57.000,51.1059,1.87958,6.400799795174,775.987717540471,1710,A320
2013-09-27 05:44:46.000,51.1043,2.00989,6.400799795174,776.172917473058,1710,A320
2013-09-27 05:45:59.000,51.1009,2.2571,6.400799795174,770.616919495441,1710,A320
2013-09-27 05:46:53.000,51.0983,2.42011,6.400799795174,770.431719562854,1710,A320
2013-09-27 05:47:53.000,51.0961,2.60116,6.400799795174,763.023722259365,1710,A320
2013-09-27 05:48:56.000,51.1144,2.7883,6.400799795174,755.060125158114,1710,A320
2013-09-27 05:50:00.000,51.1636,2.95391,6.400799795174,724.316936348635,1710,A320
2013-09-27 05:51:00.000,51.2414,3.07755,6.263639799564,729.502534461077,1710,A320
2013-09-27 05:52:00.000,51.3184,3.20084,6.095999804928,728.206134932967,1710,A320
2013-09-27 05:53:00.000,51.3951,3.32433,6.095999804928,728.206134932967,1710,A320
2013-09-27 05:54:00.000,51.4724,3.44919,5.935979810049,718.946138303606,1710,A320
2013-09-27 05:55:00.000,51.5468,3.56995,5.737859816388,702.092944438168,1710,A320
2013-09-27 05:56:00.000,51.6212,3.69148,5.12063983614,685.054550640144,1710,A320
2013-09-27 05:57:00.000,51.6916,3.80699,4.777739847112,632.642969717959,1710,A320
2013-09-27 05:57:55.000,51.7522,3.90074,4.472939856866,587.639386099263,1710,A320
2013-09-27 05:58:59.000,51.8205,3.99895,3.985259872472,571.897391829349,1710,A320
2013-09-27 05:59:58.000,51.8819,4.08798,3.291839894661,552.080999042516,1710,A320
2013-09-27 06:00:51.000,51.9352,4.16512,2.811779910023,532.079406323096,1710,A320
2013-09-27 06:01:39.000,51.9721,4.24574,2.56031991807,524.671409019607,1710,A320
2013-09-27 06:02:58.000,51.985,4.39613,2.20217992953,467.444629850155,1710,A320
2013-09-27 06:03:49.000,51.9953,4.49333,1.920239938552,444.665038141926,1710,A320
2013-09-27 06:04:49.000,52.0219,4.59152,1.676399946355,438.36824043396,1710,A320
2013-09-27 06:05:39.000,52.058,4.65153,1.459687112412,426.330244815791,1710,A320
2013-09-27 06:06:53.000,52.1241,4.70764,1.18536712119,328.915080274911,1710,A320
2013-09-27 06:07:50.000,52.165,4.74129,0.69006713704,323.914682095056,1710,A320
2013-09-27 06:08:45.000,52.1996,4.767,0.484327143623,290.023094431594,1710,A320
2013-09-27 06:10:00.000,52.2533,4.77387,0.179527153377,261.502304813161,1710,A320
2013-09-27 06:10:39.000,52.2783,4.77615,0.027127158254,248.538309532055,1710,A320
2013-09-27 06:11:32.000,52.3069,4.77884,-0.003352840771,107.41596090059,1710,A320
2013-09-27 06:13:58.000,52.3157,4.7695,-0.003352840771,40.743985169189,1710,A320
2013-09-27 07:18:30.000,52.326,4.72633,-0.003352840771,40.743985169189,1710,A320
2013-09-27 07:22:40.000,52.3516,4.71085,0.110947155571,283.726296723628,1710,A320
2013-09-27 07:23:58.000,52.4181,4.71792,0.903427130212,444.479838209339,1710,A320
2013-09-27 07:24:59.000,52.4691,4.63898,1.954987096562,504.4846163676,1710,A320
2013-09-27 07:25:57.000,52.4877,4.5255,3.052267061449,516.522611985769,1710,A320
2013-09-27 07:26:55.000,52.4578,4.39704,3.524707046331,647.27376439235,1710,A320
2013-09-27 07:27:55.000,52.4044,4.25265,4.40435985906,682.64695151651,1710,A320
2013-09-27 07:28:57.000,52.3498,4.10237,5.135879835652,705.056143359564,1710,A320
2013-09-27 07:29:52.000,52.2984,3.96151,5.425439826386,716.908939045146,1710,A320
2013-09-27 07:30:55.000,52.2422,3.80927,5.486399824435,705.9821430225,1710,A320
2013-09-27 07:31:56.000,52.2009,3.64662,6.202679801514,697.092546258313,1710,A320
2013-09-27 07:32:56.000,52.1581,3.49464,6.96467977713,692.832947808807,1710,A320
2013-09-27 07:33:56.000,52.099,3.35271,7.010399775667,697.462946123488,1710,A320
2013-09-27 07:34:52.000,52.0435,3.21954,7.010399775667,700.055745179709,1710,A320
2013-09-27 07:35:51.000,51.9835,3.07579,7.010399775667,757.097324416574,1710,A320
2013-09-27 07:36:56.000,51.9125,2.90703,7.010399775667,764.875721585237,1710,A320
2013-09-27 07:37:46.000,51.8788,2.76603,7.010399775667,745.614928596166,1710,A320
2013-09-27 07:38:49.000,51.8394,2.5882,7.010399775667,748.763327450149,1710,A320
2013-09-27 07:39:58.000,51.7964,2.39838,7.010399775667,749.31892724791,1710,A320
2013-09-27 07:40:55.000,51.758,2.23067,7.010399775667,748.207727652387,1710,A320
2013-09-27 07:41:50.000,51.7232,2.07909,7.010399775667,741.540530079247,1710,A320
2013-09-27 07:42:51.000,51.6833,1.90727,7.010399775667,750.244926910847,1710,A320
2013-09-27 07:43:54.000,51.6421,1.73057,7.010399775667,751.35612650637,1710,A320
2013-09-27 07:44:57.000,51.6001,1.55256,6.842759781032,730.613734056601,1710,A320
2013-09-27 07:45:55.000,51.5632,1.39748,6.240779800295,723.390936685699,1710,A320
2013-09-27 07:46:56.000,51.5243,1.23514,5.463539825167,700.61134497747,1710,A320
2013-09-27 07:47:55.000,51.4874,1.08223,4.686299850038,683.017351381684,1710,A320
2013-09-27 07:48:57.000,51.4519,0.936807,4.00811987174,666.349357448834,1710,A320
2013-09-27 07:49:51.000,51.4002,0.814285,3.947159873691,672.090555359038,1710,A320
2013-09-27 07:50:56.000,51.3353,0.667953,3.642359883444,661.348959268979,1710,A320
2013-09-27 07:51:51.000,51.2669,0.579306,3.360419892467,663.015758662264,1710,A320
2013-09-27 07:53:00.000,51.157,0.540314,3.032759902952,650.051763381158,1710,A320
2013-09-27 07:53:51.000,51.0812,0.51178,2.842259909048,575.416190548507,1710,A320
2013-09-27 07:54:51.000,51.0108,0.48439,2.682239914168,499.484218187745,1710,A320
2013-09-27 07:55:56.000,50.9525,0.415192,2.514599919533,447.07263726556,1710,A320
2013-09-27 07:56:58.000,50.9994,0.33348,2.377439923922,434.108641984454,1710,A320
2013-09-27 07:57:59.000,51.014,0.232643,2.255519927823,448.554236726258,1710,A320
2013-09-27 07:58:55.000,51.0163,0.13374,2.195170280425,451.887835512828,1710,A320
2013-09-27 07:59:49.000,51.0186,0.037155,2.195170280425,446.702237400386,1710,A320
2013-09-27 08:00:57.000,51.0192,-0.08293,2.195170280425,444.665038141926,1710,A320
2013-09-27 08:01:56.000,51.0163,-0.184326,2.027530285789,448.739436658845,1710,A320
2013-09-27 08:02:51.000,51.0132,-0.284195,1.859890291154,448.739436658845,1710,A320
2013-09-27 08:03:54.000,51.01,-0.39358,1.699870296274,414.847848995383,1710,A320
2013-09-27 08:04:57.000,51.012,-0.48927,1.593190299688,369.103465646339,1710,A320
2013-09-27 08:05:54.000,51.0242,-0.57007,1.516990302127,367.807066118228,1710,A320
2013-09-27 08:06:52.000,51.069,-0.600611,1.417930305296,364.288267399071,1710,A320
2013-09-27 08:07:57.000,51.1011,-0.52467,1.296010309198,356.32467029782,1710,A320
2013-09-27 08:08:56.000,51.1125,-0.44584,0.998830318708,334.656278185115,1710,A320
2013-09-27 08:09:53.000,51.1226,-0.37443,0.739750326998,303.727889443048,1710,A320
2013-09-27 08:10:57.000,51.1313,-0.311848,0.495910334801,231.499915734031,1710,A320
2013-09-27 08:11:43.000,51.1371,-0.27008,0.343510339678,218.906320318099,1710,A320
2013-09-27 08:12:34.000,51.1434,-0.22522,0.175870345042,225.573517891239,1710,A320
2013-09-30 05:45:54.000,51.1504,-0.187168,0.0615703487,38.891985843317,1710,A320
2013-09-30 05:46:42.000,51.1492,-0.195541,0.0615703487,44.447983820934,1710,A320
2013-09-30 05:47:52.000,51.1477,-0.207107,0.0615703487,40.743985169189,1710,A320
2013-09-30 05:56:47.000,51.15,-0.17624,0.305410340897,280.022298071884,1710,A320
2013-09-30 05:57:59.000,51.1625,-0.08745,1.01407031822,396.698255601835,1710,A320
2013-09-30 05:58:57.000,51.1772,0.01448,1.86751029091,476.149026681754,1710,A320
2013-09-30 05:59:59.000,51.1969,0.13406,2.499970270671,506.707015558646,1710,A320
2013-09-30 06:00:59.000,51.2151,0.248009,2.438399921971,508.559014884519,1710,A320
2013-09-30 06:01:59.000,51.2315,0.36644,3.139439899538,515.226212457659,1710,A320
2013-09-30 06:02:58.000,51.2297,0.5053,3.573779885639,640.791766751797,1710,A320
2013-09-30 06:04:00.000,51.2265,0.667345,4.46531985711,676.164953875957,1710,A320
2013-09-30 06:04:58.000,51.216,0.82561,5.234939832482,693.388547606569,1710,A320
2013-09-30 06:05:58.000,51.2057,0.99319,5.890259811512,725.613335876746,1710,A320
2013-09-30 06:06:53.000,51.196,1.15204,6.461759793224,753.763725630004,1710,A320
2013-09-30 06:07:59.000,51.1838,1.34758,6.995159776155,776.172917473058,1710,A320
2013-09-30 06:08:58.000,51.1718,1.53496,7.010399775667,773.209718551662,1710,A320
2013-09-30 06:09:59.000,51.1596,1.72134,7.010399775667,776.913717203407,1710,A320
2013-09-30 06:10:58.000,51.1476,1.90208,7.010399775667,777.098917135994,1710,A320
2013-09-30 06:11:55.000,51.1356,2.07787,7.010399775667,779.136116394454,1710,A320
2013-09-30 06:12:59.000,51.1218,2.27348,7.010399775667,782.469715181024,1710,A320
2013-09-30 06:13:52.000,51.11,2.43919,6.995159776155,782.840115046198,1710,A320
2013-09-30 06:14:57.000,51.0997,2.63382,6.850379780788,782.469715181024,1710,A320
2013-09-30 06:15:56.000,51.1234,2.81471,6.713219785177,772.283718888726,1710,A320
2013-09-30 06:16:48.000,51.1445,2.9718,6.705599785421,771.913319023552,1710,A320
2013-09-30 06:17:52.000,51.1704,3.16295,6.705599785421,777.284117068581,1710,A320
2013-09-30 06:18:52.000,51.2076,3.33565,6.705599785421,765.986921180761,1710,A320
2013-09-30 06:19:52.000,51.3011,3.43946,6.522719791273,722.65013695535,1710,A320
2013-09-30 06:20:59.000,51.3955,3.53172,6.057899806147,646.347764729414,1710,A320
2013-09-30 06:21:52.000,51.4706,3.60663,5.539739822728,634.680168976418,1710,A320
2013-09-30 06:22:52.000,51.5504,3.68591,4.937759841992,609.86337800973,1710,A320
2013-09-30 06:23:52.000,51.6277,3.76312,4.343399861011,604.677779897288,1710,A320
2013-09-30 06:24:51.000,51.7038,3.83926,3.817619877836,598.195782256735,1710,A320
2013-09-30 06:25:57.000,51.7776,3.93719,3.421379890516,544.302601873853,1710,A320
2013-09-30 06:26:58.000,51.836,4.02183,2.964179905146,531.15340666016,1710,A320
2013-09-30 06:27:54.000,51.8928,4.10378,2.514599919533,522.078609963386,1710,A320
2013-09-30 06:28:56.000,51.9497,4.18633,2.141219931481,506.151415760885,1710,A320
2013-09-30 06:29:55.000,52.0001,4.2598,2.072639933676,447.07263726556,1710,A320
2013-09-30 06:30:46.000,52.0457,4.32696,1.752599943917,436.701441040675,1710,A320
2013-09-30 06:31:46.000,52.1056,4.35992,1.356359956596,444.665038141926,1710,A320
2013-09-30 06:32:47.000,52.16,4.40399,1.017727126554,378.548662208287,1710,A320
2013-09-30 06:33:50.000,52.1886,4.47716,0.941527128993,317.432684454503,1710,A320
2013-09-30 06:34:50.000,52.2137,4.54193,0.865327131431,312.987886072409,1710,A320
2013-09-30 06:35:46.000,52.2361,4.59976,0.583387140453,308.728287622903,1710,A320
2013-09-30 06:36:45.000,52.2603,4.66228,0.347167148012,273.910700296505,1710,A320
2013-09-30 06:37:44.000,52.2786,4.70993,0.141427154596,222.980718835018,1710,A320
2013-09-30 06:38:43.000,52.2946,4.75157,-0.003352840771,103.711962248846,1710,A320
2013-09-30 06:38:43.000,52.2946,4.75157,-0.003352840771,103.711962248846,1710,A320
2013-09-30 07:27:55.000,52.3231,4.73052,-0.003352840771,42.595984495062,1710,A320
2013-09-30 07:28:30.000,52.3261,4.72626,-0.003352840771,48.151982472678,1710,A320
2013-09-30 07:29:40.000,52.3311,4.71718,0.011887158741,48.151982472678,1710,A320
2013-09-30 07:31:34.000,52.3358,4.70949,-0.003352840771,194.459929216586,1710,A320
2013-09-30 07:32:38.000,52.383,4.71423,0.575767140697,324.099882027643,1710,A320
2013-09-30 07:33:44.000,52.449,4.69085,1.208227120458,529.671807199462,1710,A320
2013-09-30 07:34:57.000,52.4923,4.55038,2.480767079737,555.599797761674,1710,A320
2013-09-30 07:35:53.000,52.4553,4.43848,3.28848705389,598.936581987084,1710,A320
2013-09-30 07:36:57.000,52.396,4.29401,3.80999987808,706.352542887674,1710,A320
2013-09-30 07:37:57.000,52.337,4.15031,4.678679850282,713.575340258576,1710,A320
2013-09-30 07:38:58.000,52.275,4.00083,5.554979822241,714.501339921512,1710,A320
2013-09-30 07:39:58.000,52.215,3.85714,6.095999804928,700.61134497747,1710,A320
2013-09-30 07:40:58.000,52.1552,3.7146,6.095999804928,699.129745516773,1710,A320
2013-09-30 07:42:00.000,52.093,3.5671,6.095999804928,707.278542550611,1710,A320
2013-09-30 07:42:47.000,52.0476,3.46022,6.095999804928,703.204144033692,1710,A320
2013-09-30 07:43:49.000,51.9848,3.31276,6.095999804928,704.315343629215,1710,A320
2013-09-30 07:44:50.000,51.9269,3.1683,6.095999804928,701.166944775232,1710,A320
2013-09-30 07:45:51.000,51.892,3.02755,6.095999804928,701.352144707819,1710,A320
2013-09-30 07:46:43.000,51.8562,2.86966,6.095999804928,702.463344303343,1710,A320
2013-09-30 07:47:48.000,51.8171,2.69806,6.095999804928,699.129745516773,1710,A320
2013-09-30 07:48:51.000,51.7812,2.52864,6.095999804928,697.648146056075,1710,A320
2013-09-30 07:49:54.000,51.7476,2.36153,6.095999804928,696.351746527964,1710,A320
2013-09-30 07:50:57.000,51.7149,2.20313,6.095999804928,695.240546932441,1710,A320
2013-09-30 07:51:44.000,51.6875,2.07129,6.095999804928,692.832947808807,1710,A320
2013-09-30 07:52:50.000,51.6511,1.89692,6.095999804928,687.091749898603,1710,A320
2013-09-30 07:53:56.000,51.6148,1.72478,5.91311981078,688.202949494126,1710,A320
2013-09-30 07:54:55.000,51.5862,1.56704,5.608319820534,687.462149763777,1710,A320
2013-09-30 07:55:53.000,51.572,1.42355,5.326379829556,686.536150100841,1710,A320
2013-09-30 07:56:53.000,51.554,1.24791,5.013959839553,681.350551988399,1710,A320
2013-09-30 07:57:53.000,51.5273,1.10101,4.66343985077,664.682558055549,1710,A320
2013-09-30 07:58:54.000,51.4673,0.96598,4.190999865888,629.124170998802,1710,A320
2013-09-30 07:59:59.000,51.41,0.836105,3.954779873447,620.604974099789,1710,A320
2013-09-30 08:00:57.000,51.3601,0.723267,3.962399873203,575.045790683332,1710,A320
2013-09-30 08:01:58.000,51.3114,0.614418,3.962399873203,574.675390818158,1710,A320
2013-09-30 08:02:55.000,51.2356,0.57084,3.962399873203,553.377398570627,1710,A320
2013-09-30 08:03:53.000,51.1572,0.540543,3.962399873203,554.673798098737,1710,A320
2013-09-30 08:04:55.000,51.0769,0.509528,3.893819875398,530.042207064637,1710,A320
2013-09-30 08:05:56.000,51.0016,0.48058,3.657599882957,463.555431265823,1710,A320
2013-09-30 08:06:56.000,50.9596,0.4039,3.276599895149,506.892215491234,1710,A320
2013-09-30 08:07:56.000,50.9686,0.28319,3.063239901976,512.44821346885,1710,A320
2013-09-30 08:08:56.000,50.9766,0.16398,2.887979907585,505.040216165361,1710,A320
2013-09-30 08:09:55.000,50.9842,0.04343,2.743199912218,506.892215491234,1710,A320
2013-09-30 08:10:54.000,50.9917,-0.07042,2.6593799149,505.225416097949,1710,A320
2013-09-30 08:11:57.000,51.0003,-0.19649,2.415539922703,501.336217513617,1710,A320
2013-09-30 08:12:59.000,51.0029,-0.31779,2.019299935382,488.927822030273,1710,A320
2013-09-30 08:13:55.000,51.0048,-0.42802,1.623059948062,489.11302196286,1710,A320
2013-09-30 08:14:58.000,51.0181,-0.53841,1.417319954646,427.811844276489,1710,A320
2013-09-30 08:15:55.000,51.0714,-0.57274,1.295399958547,377.807862477938,1710,A320
2013-09-30 08:16:53.000,51.1017,-0.52284,1.242059960254,315.210285263456,1710,A320
2013-09-30 08:17:57.000,51.1119,-0.44991,1.05155996635,290.763894161943,1710,A320
2013-09-30 08:18:56.000,51.1213,-0.38345,0.800099974397,286.689495645024,1710,A320
2013-09-30 08:19:57.000,51.1302,-0.31964,0.5562599822,243.908311217375,1710,A320
2013-09-30 08:20:47.000,51.1366,-0.27399,0.380999987808,232.611115329554,1710,A320
2013-09-30 08:21:47.000,51.1434,-0.224329,0.167639994636,242.24151182409,1710,A320
2013-09-30 08:22:26.000,51.1486,-0.18671,0.114299996342,140.751948766291,1710,A320
